{
    "external_urls": {
        "spotify": "https://open.spotify.com/artist/6HvZYsbFfjnjFrWF950C9d"
    },
    "followers": {
        "href": null,
        "total": 3778524
    },
    "href": "https://api.spotify.com/v1/artists/6HvZYsbFfjnjFrWF950C9d",
    "id": 116,
    "images": [
        {
            "height": 640,
            "url": "https://i.scdn.co/image/ab6761610000e5eb6199c3c2f414880e2b9077a9",
            "width": 640
        },
        {
            "height": 320,
            "url": "https://i.scdn.co/image/ab676161000051746199c3c2f414880e2b9077a9",
            "width": 320
        },
        {
            "height": 160,
            "url": "https://i.scdn.co/image/ab6761610000f1786199c3c2f414880e2b9077a9",
            "width": 160
        }
    ],
    "name": "NewJeans",
    "popularity": 98,
    "type": "artist",
    "uri": "spotify:artist:6HvZYsbFfjnjFrWF950C9d",
    "genres_ids": [
        226
    ]
}