{
    "external_urls": {
        "spotify": "https://open.spotify.com/artist/3HqSLMAZ3g3d5poNaI7GOU"
    },
    "followers": {
        "href": null,
        "total": 8041766
    },
    "href": "https://api.spotify.com/v1/artists/3HqSLMAZ3g3d5poNaI7GOU",
    "id": 157,
    "images": [
        {
            "height": 640,
            "url": "https://i.scdn.co/image/ab6761610000e5eb006ff3c0136a71bfb9928d34",
            "width": 640
        },
        {
            "height": 320,
            "url": "https://i.scdn.co/image/ab67616100005174006ff3c0136a71bfb9928d34",
            "width": 320
        },
        {
            "height": 160,
            "url": "https://i.scdn.co/image/ab6761610000f178006ff3c0136a71bfb9928d34",
            "width": 160
        }
    ],
    "name": "IU",
    "popularity": 87,
    "type": "artist",
    "uri": "spotify:artist:3HqSLMAZ3g3d5poNaI7GOU",
    "genres_ids": [
        873,
        172,
        190,
        329,
        831
    ]
}