{
    "external_urls": {
        "spotify": "https://open.spotify.com/artist/1oSPZhvZMIrWW5I41kPkkY"
    },
    "followers": {
        "href": null,
        "total": 5901644
    },
    "href": "https://api.spotify.com/v1/artists/1oSPZhvZMIrWW5I41kPkkY",
    "id": 178,
    "images": [
        {
            "height": 640,
            "url": "https://i.scdn.co/image/ab6761610000e5eb59f8cfc8e71dcaf8c6ec4bde",
            "width": 640
        },
        {
            "height": 320,
            "url": "https://i.scdn.co/image/ab6761610000517459f8cfc8e71dcaf8c6ec4bde",
            "width": 320
        },
        {
            "height": 160,
            "url": "https://i.scdn.co/image/ab6761610000f17859f8cfc8e71dcaf8c6ec4bde",
            "width": 160
        }
    ],
    "name": "Jimin",
    "popularity": 73,
    "type": "artist",
    "uri": "spotify:artist:1oSPZhvZMIrWW5I41kPkkY",
    "genres_ids": [
        651,
        816
    ]
}