{
    "external_urls": {
        "spotify": "https://open.spotify.com/artist/1gBUSTR3TyDdTVFIaQnc02"
    },
    "followers": {
        "href": null,
        "total": 6785638
    },
    "href": "https://api.spotify.com/v1/artists/1gBUSTR3TyDdTVFIaQnc02",
    "id": 208,
    "images": [
        {
            "height": 640,
            "url": "https://i.scdn.co/image/ab6761610000e5eb6293e0df5b516d366ae8394d",
            "width": 640
        },
        {
            "height": 320,
            "url": "https://i.scdn.co/image/ab676161000051746293e0df5b516d366ae8394d",
            "width": 320
        },
        {
            "height": 160,
            "url": "https://i.scdn.co/image/ab6761610000f1786293e0df5b516d366ae8394d",
            "width": 160
        }
    ],
    "name": "NCT DREAM",
    "popularity": 88,
    "type": "artist",
    "uri": "spotify:artist:1gBUSTR3TyDdTVFIaQnc02",
    "genres_ids": [
        254,
        699,
        11,
        423,
        619
    ]
}