{
    "external_urls": {
        "spotify": "https://open.spotify.com/artist/6zn0ihyAApAYV51zpXxdEp"
    },
    "followers": {
        "href": null,
        "total": 493569
    },
    "href": "https://api.spotify.com/v1/artists/6zn0ihyAApAYV51zpXxdEp",
    "id": 246,
    "images": [
        {
            "height": 640,
            "url": "https://i.scdn.co/image/ab6761610000e5eb4e5b278c1cc511598b96423c",
            "width": 640
        },
        {
            "height": 320,
            "url": "https://i.scdn.co/image/ab676161000051744e5b278c1cc511598b96423c",
            "width": 320
        },
        {
            "height": 160,
            "url": "https://i.scdn.co/image/ab6761610000f1784e5b278c1cc511598b96423c",
            "width": 160
        }
    ],
    "name": "10cm",
    "popularity": 78,
    "type": "artist",
    "uri": "spotify:artist:6zn0ihyAApAYV51zpXxdEp",
    "genres_ids": [
        788,
        616
    ]
}