{
    "external_urls": {
        "spotify": "https://open.spotify.com/artist/41MozSoPIsD1dJM0CLPjZF"
    },
    "followers": {
        "href": null,
        "total": 42654043
    },
    "href": "https://api.spotify.com/v1/artists/41MozSoPIsD1dJM0CLPjZF",
    "id": 396,
    "images": [
        {
            "height": 640,
            "url": "https://i.scdn.co/image/ab6761610000e5ebc9690bc711d04b3d4fd4b87c",
            "width": 640
        },
        {
            "height": 320,
            "url": "https://i.scdn.co/image/ab67616100005174c9690bc711d04b3d4fd4b87c",
            "width": 320
        },
        {
            "height": 160,
            "url": "https://i.scdn.co/image/ab6761610000f178c9690bc711d04b3d4fd4b87c",
            "width": 160
        }
    ],
    "name": "BLACKPINK",
    "popularity": 90,
    "type": "artist",
    "uri": "spotify:artist:41MozSoPIsD1dJM0CLPjZF",
    "genres_ids": [
        117,
        458
    ]
}