{
    "external_urls": {
        "spotify": "https://open.spotify.com/artist/6YVMFz59CuY7ngCxTxjpxE"
    },
    "followers": {
        "href": null,
        "total": 3342321
    },
    "href": "https://api.spotify.com/v1/artists/6YVMFz59CuY7ngCxTxjpxE",
    "id": 523,
    "images": [
        {
            "height": 640,
            "url": "https://i.scdn.co/image/ab6761610000e5ebb29c20ae1a1435066fe26f35",
            "width": 640
        },
        {
            "height": 320,
            "url": "https://i.scdn.co/image/ab67616100005174b29c20ae1a1435066fe26f35",
            "width": 320
        },
        {
            "height": 160,
            "url": "https://i.scdn.co/image/ab6761610000f178b29c20ae1a1435066fe26f35",
            "width": 160
        }
    ],
    "name": "aespa",
    "popularity": 86,
    "type": "artist",
    "uri": "spotify:artist:6YVMFz59CuY7ngCxTxjpxE",
    "genres_ids": [
        723,
        979
    ]
}