{
    "external_urls": {
        "spotify": "https://open.spotify.com/artist/4GJ6xDCF5jaUqD6avOuQT6"
    },
    "followers": {
        "href": null,
        "total": 965993
    },
    "href": "https://api.spotify.com/v1/artists/4GJ6xDCF5jaUqD6avOuQT6",
    "id": 573,
    "images": [
        {
            "height": 640,
            "url": "https://i.scdn.co/image/ab6761610000e5eb1193a00caa638c135ffc60ec",
            "width": 640
        },
        {
            "height": 320,
            "url": "https://i.scdn.co/image/ab676161000051741193a00caa638c135ffc60ec",
            "width": 320
        },
        {
            "height": 160,
            "url": "https://i.scdn.co/image/ab6761610000f1781193a00caa638c135ffc60ec",
            "width": 160
        }
    ],
    "name": "FIFTY FIFTY",
    "popularity": 89,
    "type": "artist",
    "uri": "spotify:artist:4GJ6xDCF5jaUqD6avOuQT6",
    "genres_ids": [
        593,
        979,
        788,
        97
    ]
}