{
    "external_urls": {
        "spotify": "https://open.spotify.com/artist/2AfmfGFbe0A0WsTYm0SDTx"
    },
    "followers": {
        "href": null,
        "total": 6278033
    },
    "href": "https://api.spotify.com/v1/artists/2AfmfGFbe0A0WsTYm0SDTx",
    "id": 638,
    "images": [
        {
            "height": 640,
            "url": "https://i.scdn.co/image/ab6761610000e5eb8abd5f97fc52561939ebbc89",
            "width": 640
        },
        {
            "height": 320,
            "url": "https://i.scdn.co/image/ab676161000051748abd5f97fc52561939ebbc89",
            "width": 320
        },
        {
            "height": 160,
            "url": "https://i.scdn.co/image/ab6761610000f1788abd5f97fc52561939ebbc89",
            "width": 160
        }
    ],
    "name": "(G)I-DLE",
    "popularity": 92,
    "type": "artist",
    "uri": "spotify:artist:2AfmfGFbe0A0WsTYm0SDTx",
    "genres_ids": [
        600
    ]
}