{
    "external_urls": {
        "spotify": "https://open.spotify.com/artist/4XDi67ZENZcbfKnvMnTYsI"
    },
    "followers": {
        "href": null,
        "total": 1972717
    },
    "href": "https://api.spotify.com/v1/artists/4XDi67ZENZcbfKnvMnTYsI",
    "id": 962,
    "images": [
        {
            "height": 640,
            "url": "https://i.scdn.co/image/ab6761610000e5ebb6ba89aff53eea0b5f0444e8",
            "width": 640
        },
        {
            "height": 320,
            "url": "https://i.scdn.co/image/ab67616100005174b6ba89aff53eea0b5f0444e8",
            "width": 320
        },
        {
            "height": 160,
            "url": "https://i.scdn.co/image/ab6761610000f178b6ba89aff53eea0b5f0444e8",
            "width": 160
        }
    ],
    "name": "Jay Park",
    "popularity": 97,
    "type": "artist",
    "uri": "spotify:artist:4XDi67ZENZcbfKnvMnTYsI",
    "genres_ids": [
        799
    ]
}