[
  {
    "title": "오만과 편견",
    "link": "http://www.aladin.co.kr/shop/wproduct.aspx?ItemId=436838&amp;partner=openAPI&amp;start=api",
    "author": "제인 오스틴 (지은이), 윤지관, 전승희 (옮긴이)",
    "description": "제인 오스틴의 대표작 <오만과 편견>이 보다 정확하고 말끔한 번역으로 재출간됐다. 역자인 윤지관과 전승희는 10여 년에 걸친 기간 동안 철저한 원문대조를 통해, 본래의 의미와 문체를 생생하게 되살려내기 위해 노력했다고.",
    "isbn": "8937460882",
    "isbn13": "9788937460883",
    "id": 436838,
    "priceSales": 11700,
    "priceStandard": 13000,
    "mallType": "BOOK",
    "stockStatus": "",
    "mileage": 650,
    "cover": "https://image.aladin.co.kr/product/43/68/coversum/8937460882_3.jpg",
    "categoryId": [
      151128,
      50919
    ],
    "publisher": "민음사",
    "salesPoint": 47947,
    "adult": false,
    "fixedPrice": true,
    "seriesInfo": {
      "seriesId": 13679,
      "seriesLink": "http://www.aladin.co.kr/shop/common/wseriesitem.aspx?SRID=13679&amp;partner=openAPI",
      "seriesName": "민음사 세계문학전집 88"
    },
    "subInfo": {
      "ebookList": [
        {
          "itemId": 18094741,
          "isbn": "E893746088",
          "isbn13": "9788937493881",
          "priceSales": 9100,
          "link": "https://www.aladin.co.kr/shop/wproduct.aspx?ItemId=18094741&amp;partner=openAPI"
        }
      ],
      "usedList": {
        "aladinUsed": {
          "itemCount": 2,
          "minPrice": 5900,
          "link": "https://www.aladin.co.kr/shop/UsedShop/wuseditemall.aspx?ItemId=436838&amp;TabType=2&amp;partner=openAPI"
        },
        "userUsed": {
          "itemCount": 309,
          "minPrice": 1200,
          "link": "https://www.aladin.co.kr/shop/UsedShop/wuseditemall.aspx?ItemId=436838&amp;TabType=1&amp;partner=openAPI"
        },
        "spaceUsed": {
          "itemCount": 15,
          "minPrice": 5700,
          "link": "https://www.aladin.co.kr/shop/UsedShop/wuseditemall.aspx?ItemId=436838&amp;TabType=3&amp;partner=openAPI"
        }
      }
    }
  },
  {
    "title": "노인과 바다",
    "link": "http://www.aladin.co.kr/shop/wproduct.aspx?ItemId=14522431&amp;partner=openAPI&amp;start=api",
    "author": "어니스트 헤밍웨이 (지은이), 김욱동 (옮긴이)",
    "description": "노벨 문학상, 퓰리처상 수상 작가, 20세기 미국 문학을 개척한 작가 어니스트 헤밍웨이의 대표작. 미국 현대 문학의 개척자라 불리는 헤밍웨이는 제1차 세계대전 후 삶의 좌표를 잃어버린 '길 잃은 세대'를 대표하는 작가이다. '민음사 세계문학전집' 278권으로 출간된 &lt;노인과 바다&gt;는 헤밍웨이의 마지막 소설로, 작가 고유의 소설 수법과 실존 철학이 짧은 분량 안에 집약되어 있다.",
    "isbn": "8937462788",
    "isbn13": "9788937462788",
    "id": 14522431,
    "priceSales": 7200,
    "priceStandard": 8000,
    "mallType": "BOOK",
    "stockStatus": "",
    "mileage": 400,
    "cover": "https://image.aladin.co.kr/product/1452/24/coversum/8937462788_2.jpg",
    "categoryId": [
      151128,
      50919
    ],
    "publisher": "민음사",
    "salesPoint": 32482,
    "adult": false,
    "fixedPrice": true,
    "seriesInfo": {
      "seriesId": 13679,
      "seriesLink": "http://www.aladin.co.kr/shop/common/wseriesitem.aspx?SRID=13679&amp;partner=openAPI",
      "seriesName": "민음사 세계문학전집 278"
    },
    "subInfo": {
      "ebookList": [
        {
          "itemId": 311092622,
          "isbn": "E422531784",
          "isbn13": "9788937419218",
          "priceSales": 9000,
          "link": "https://www.aladin.co.kr/shop/wproduct.aspx?ItemId=311092622&amp;partner=openAPI"
        },
        {
          "itemId": 18094765,
          "isbn": "E893746278",
          "isbn13": "9788937495786",
          "priceSales": 5600,
          "link": "https://www.aladin.co.kr/shop/wproduct.aspx?ItemId=18094765&amp;partner=openAPI"
        }
      ],
      "usedList": {
        "aladinUsed": {
          "itemCount": 0,
          "minPrice": 0,
          "link": "https://www.aladin.co.kr/shop/UsedShop/wuseditemall.aspx?ItemId=14522431&amp;TabType=2&amp;partner=openAPI"
        },
        "userUsed": {
          "itemCount": 78,
          "minPrice": 4400,
          "link": "https://www.aladin.co.kr/shop/UsedShop/wuseditemall.aspx?ItemId=14522431&amp;TabType=1&amp;partner=openAPI"
        },
        "spaceUsed": {
          "itemCount": 8,
          "minPrice": 5000,
          "link": "https://www.aladin.co.kr/shop/UsedShop/wuseditemall.aspx?ItemId=14522431&amp;TabType=3&amp;partner=openAPI"
        }
      }
    }
  },
  {
    "title": "달과 6펜스",
    "link": "http://www.aladin.co.kr/shop/wproduct.aspx?ItemId=237763&amp;partner=openAPI&amp;start=api",
    "author": "서머싯 몸 (지은이), 송무 (옮긴이)",
    "description": "<달과 6펜스>는 15종에 이르는 번역본이 이미 소개되어 있을 만큼 국내에서 크게 환영받는 작품이다. 이 작품은 서머싯 몸을 전세계에 널리 알린 결정적인 작품으로 제1차 세계대전이 끝난 이듬해인 1919년에 출판되어 대단한 인기를 끌었다.",
    "isbn": "8937460386",
    "isbn13": "9788937460388",
    "id": 237763,
    "priceSales": 9000,
    "priceStandard": 10000,
    "mallType": "BOOK",
    "stockStatus": "",
    "mileage": 500,
    "cover": "https://image.aladin.co.kr/product/23/77/coversum/s692639624_1.jpg",
    "categoryId": [
      151128,
      50919
    ],
    "publisher": "민음사",
    "salesPoint": 39579,
    "adult": false,
    "fixedPrice": true,
    "seriesInfo": {
      "seriesId": 13679,
      "seriesLink": "http://www.aladin.co.kr/shop/common/wseriesitem.aspx?SRID=13679&amp;partner=openAPI",
      "seriesName": "민음사 세계문학전집 38"
    },
    "subInfo": {
      "ebookList": [
        {
          "itemId": 24672205,
          "isbn": "E893746038",
          "isbn13": "9788937493386",
          "priceSales": 7000,
          "link": "https://www.aladin.co.kr/shop/wproduct.aspx?ItemId=24672205&amp;partner=openAPI"
        }
      ],
      "usedList": {
        "aladinUsed": {
          "itemCount": 0,
          "minPrice": 0,
          "link": "https://www.aladin.co.kr/shop/UsedShop/wuseditemall.aspx?ItemId=237763&amp;TabType=2&amp;partner=openAPI"
        },
        "userUsed": {
          "itemCount": 118,
          "minPrice": 3500,
          "link": "https://www.aladin.co.kr/shop/UsedShop/wuseditemall.aspx?ItemId=237763&amp;TabType=1&amp;partner=openAPI"
        },
        "spaceUsed": {
          "itemCount": 15,
          "minPrice": 4800,
          "link": "https://www.aladin.co.kr/shop/UsedShop/wuseditemall.aspx?ItemId=237763&amp;TabType=3&amp;partner=openAPI"
        }
      }
    }
  },
  {
    "title": "멋진 신세계",
    "link": "http://www.aladin.co.kr/shop/wproduct.aspx?ItemId=60836103&amp;partner=openAPI&amp;start=api",
    "author": "올더스 헉슬리 (지은이), 안정효 (옮긴이)",
    "description": "올더스 헉슬리는 명문 집안 출신의 영국 작가로서 광범위한 지식뿐 아니라 예리한 지성과 우아한 문체, 그리고 때로는 냉소적인 유머 감각으로 유명하다. 그가 1932년에 발표한 작품 &lt;멋진 신세계&gt;는 금세기에 미래를 가장 깊이 있고 날카롭게 파헤친 작품 중의 하나로 평가받는다.",
    "isbn": "8973814729",
    "isbn13": "9788973814725",
    "id": 60836103,
    "priceSales": 12420,
    "priceStandard": 13800,
    "mallType": "BOOK",
    "stockStatus": "",
    "mileage": 690,
    "cover": "https://image.aladin.co.kr/product/6083/61/coversum/8973814729_2.jpg",
    "categoryId": [
      151128,
      89481
    ],
    "publisher": "(주)태일소담출판사",
    "salesPoint": 44834,
    "adult": false,
    "fixedPrice": true,
    "subInfo": {
      "ebookList": [
        {
          "itemId": 152632119,
          "isbn": "E897381472",
          "isbn13": "9791160271430",
          "priceSales": 8280,
          "link": "https://www.aladin.co.kr/shop/wproduct.aspx?ItemId=152632119&amp;partner=openAPI"
        }
      ],
      "usedList": {
        "aladinUsed": {
          "itemCount": 1,
          "minPrice": 8500,
          "link": "https://www.aladin.co.kr/shop/UsedShop/wuseditemall.aspx?ItemId=60836103&amp;TabType=2&amp;partner=openAPI"
        },
        "userUsed": {
          "itemCount": 83,
          "minPrice": 8000,
          "link": "https://www.aladin.co.kr/shop/UsedShop/wuseditemall.aspx?ItemId=60836103&amp;TabType=1&amp;partner=openAPI"
        },
        "spaceUsed": {
          "itemCount": 15,
          "minPrice": 8100,
          "link": "https://www.aladin.co.kr/shop/UsedShop/wuseditemall.aspx?ItemId=60836103&amp;TabType=3&amp;partner=openAPI"
        }
      }
    }
  },
  {
    "title": "수레바퀴 아래서",
    "link": "http://www.aladin.co.kr/shop/wproduct.aspx?ItemId=98708362&amp;partner=openAPI&amp;start=api",
    "author": "헤르만 헤세 (지은이), 박지희 (옮긴이), 김선형 (해설)",
    "description": "성적 위주의 교육 속에서 경쟁에 지쳐 자신을 잃어버린 모든 이들에게 공감과 위로를 전하는 &lt;수레바퀴 아래서&gt;는 헤르만 헤세 자신의 청소년기를 반영한 자전적 소설이다. 이제 &lt;수레바퀴 아래서&gt;를 1906년 오리지널 초판본 표지로 만나 보자.",
    "isbn": "K822535559",
    "isbn13": "9791187011606",
    "id": 98708362,
    "priceSales": 2970,
    "priceStandard": 3300,
    "mallType": "BOOK",
    "stockStatus": "",
    "mileage": 160,
    "cover": "https://image.aladin.co.kr/product/9870/83/coversum/k822535559_2.jpg",
    "categoryId": [
      151128,
      50922
    ],
    "publisher": "코너스톤",
    "salesPoint": 38360,
    "adult": false,
    "fixedPrice": true,
    "seriesInfo": {
      "seriesId": 1077972,
      "seriesLink": "http://www.aladin.co.kr/shop/common/wseriesitem.aspx?SRID=1077972&amp;partner=openAPI",
      "seriesName": "코너스톤 착한 고전 시리즈 2"
    },
    "subInfo": {
      "ebookList": [],
      "usedList": {
        "aladinUsed": {
          "itemCount": 0,
          "minPrice": 0,
          "link": "https://www.aladin.co.kr/shop/UsedShop/wuseditemall.aspx?ItemId=98708362&amp;TabType=2&amp;partner=openAPI"
        },
        "userUsed": {
          "itemCount": 14,
          "minPrice": 2200,
          "link": "https://www.aladin.co.kr/shop/UsedShop/wuseditemall.aspx?ItemId=98708362&amp;TabType=1&amp;partner=openAPI"
        },
        "spaceUsed": {
          "itemCount": 0,
          "minPrice": 0,
          "link": "https://www.aladin.co.kr/shop/UsedShop/wuseditemall.aspx?ItemId=98708362&amp;TabType=3&amp;partner=openAPI"
        }
      }
    }
  },
  {
    "title": "시크릿 - 수 세기 동안 단 1%만이 알았던 부와 성공의 비밀",
    "link": "http://www.aladin.co.kr/shop/wproduct.aspx?ItemId=927185&amp;partner=openAPI&amp;start=api",
    "author": "론다 번 (지은이), 김우열 (옮긴이)",
    "description": "2007년 '아마존' 최고의 화제작. 출간하자마자 아마존 베스트셀러 목록에 올랐고, <오프라 윈프리 쇼>에서 소개되었다. 방송 후 시청자들의 폭발적인 반응에 오프라 홈페이지마저 마비되었고, 결국 책은 미국에서 '가장 짧은 시간에 가장 많이 팔린 책'이 되어버렸다.",
    "isbn": "8952206509",
    "isbn13": "9788952206503",
    "id": 927185,
    "priceSales": 15120,
    "priceStandard": 16800,
    "mallType": "BOOK",
    "stockStatus": "",
    "mileage": 840,
    "cover": "https://image.aladin.co.kr/product/92/71/coversum/8952206509_2.jpg",
    "categoryId": [
      151138,
      70216
    ],
    "publisher": "살림Biz",
    "salesPoint": 111233,
    "adult": false,
    "fixedPrice": true,
    "subInfo": {
      "ebookList": [
        {
          "itemId": 20597491,
          "isbn": "E895220650",
          "isbn13": "9788952218858",
          "priceSales": 9000,
          "link": "https://www.aladin.co.kr/shop/wproduct.aspx?ItemId=20597491&amp;partner=openAPI"
        }
      ],
      "usedList": {
        "aladinUsed": {
          "itemCount": 9,
          "minPrice": 7100,
          "link": "https://www.aladin.co.kr/shop/UsedShop/wuseditemall.aspx?ItemId=927185&amp;TabType=2&amp;partner=openAPI"
        },
        "userUsed": {
          "itemCount": 1486,
          "minPrice": 1000,
          "link": "https://www.aladin.co.kr/shop/UsedShop/wuseditemall.aspx?ItemId=927185&amp;TabType=1&amp;partner=openAPI"
        },
        "spaceUsed": {
          "itemCount": 15,
          "minPrice": 7200,
          "link": "https://www.aladin.co.kr/shop/UsedShop/wuseditemall.aspx?ItemId=927185&amp;TabType=3&amp;partner=openAPI"
        }
      }
    }
  },
  {
    "title": "웰씽킹 WEALTHINKING (양장) - 부를 창조하는 생각의 뿌리",
    "link": "http://www.aladin.co.kr/shop/wproduct.aspx?ItemId=282733777&amp;partner=openAPI&amp;start=api",
    "author": "켈리 최 (지은이)",
    "description": "부를 창조한 사람들이 갖고 있는 생각의 뿌리를 이해하고 체득하기 위해 ‘풍요의 생각’을 이야기하는 책이다. 풍요의 생각은 결핍의 생각과 반대되는 개념이다. 풍요의 생각이나 결핍의 생각이나 모두 에너지이지만, 그 방향성은 정반대다.",
    "isbn": "K852835990",
    "isbn13": "9791130677774",
    "id": 282733777,
    "priceSales": 14400,
    "priceStandard": 16000,
    "mallType": "BOOK",
    "stockStatus": "",
    "mileage": 800,
    "cover": "https://image.aladin.co.kr/product/28273/37/coversum/s242836112_3.jpg",
    "categoryId": [
      151138,
      70216
    ],
    "publisher": "다산북스",
    "salesPoint": 84428,
    "adult": false,
    "fixedPrice": true,
    "subInfo": {
      "ebookList": [
        {
          "itemId": 283745948,
          "isbn": "E472539297",
          "isbn13": "9791130678269",
          "priceSales": 16200,
          "link": "https://www.aladin.co.kr/shop/wproduct.aspx?ItemId=283745948&amp;partner=openAPI"
        },
        {
          "itemId": 283139937,
          "isbn": "E922539995",
          "isbn13": "9791130678092",
          "priceSales": 11200,
          "link": "https://www.aladin.co.kr/shop/wproduct.aspx?ItemId=283139937&amp;partner=openAPI"
        }
      ],
      "usedList": {
        "aladinUsed": {
          "itemCount": 0,
          "minPrice": 0,
          "link": "https://www.aladin.co.kr/shop/UsedShop/wuseditemall.aspx?ItemId=282733777&amp;TabType=2&amp;partner=openAPI"
        },
        "userUsed": {
          "itemCount": 19,
          "minPrice": 7000,
          "link": "https://www.aladin.co.kr/shop/UsedShop/wuseditemall.aspx?ItemId=282733777&amp;TabType=1&amp;partner=openAPI"
        },
        "spaceUsed": {
          "itemCount": 15,
          "minPrice": 10500,
          "link": "https://www.aladin.co.kr/shop/UsedShop/wuseditemall.aspx?ItemId=282733777&amp;TabType=3&amp;partner=openAPI"
        }
      }
    }
  },
  {
    "title": "몰입 : 인생을 바꾸는 자기 혁명 - Think Hard!",
    "link": "http://www.aladin.co.kr/shop/wproduct.aspx?ItemId=1020939&amp;partner=openAPI&amp;start=api",
    "author": "황농문 (지은이)",
    "description": "'몰입'은 잠재된 우리의 두뇌 능력을 일깨워 능력을 극대화하고 삶의 만족도를 최고로 끌어올리는 방법이다. 책은 '왜 우리가 몰입적 사고를 해야 하는지', '어떻게 몰입으로 천재성을 끄집어낼 수 있는지'에 대해 구체적인 해답을 제시한다.",
    "isbn": "8925514826",
    "isbn13": "9788925514826",
    "id": 1020939,
    "priceSales": 16200,
    "priceStandard": 18000,
    "mallType": "BOOK",
    "stockStatus": "",
    "mileage": 900,
    "cover": "https://image.aladin.co.kr/product/102/9/coversum/s552832633_2.jpg",
    "categoryId": [
      151138,
      70216
    ],
    "publisher": "랜덤하우스코리아",
    "salesPoint": 58541,
    "adult": false,
    "fixedPrice": true,
    "seriesInfo": {
      "seriesId": 22986,
      "seriesLink": "http://www.aladin.co.kr/shop/common/wseriesitem.aspx?SRID=22986&amp;partner=openAPI",
      "seriesName": "몰입 "
    },
    "subInfo": {
      "ebookList": [
        {
          "itemId": 11827354,
          "isbn": "E892551482",
          "isbn13": "9788925594262",
          "priceSales": 12600,
          "link": "https://www.aladin.co.kr/shop/wproduct.aspx?ItemId=11827354&amp;partner=openAPI"
        }
      ],
      "usedList": {
        "aladinUsed": {
          "itemCount": 0,
          "minPrice": 0,
          "link": "https://www.aladin.co.kr/shop/UsedShop/wuseditemall.aspx?ItemId=1020939&amp;TabType=2&amp;partner=openAPI"
        },
        "userUsed": {
          "itemCount": 22,
          "minPrice": 12000,
          "link": "https://www.aladin.co.kr/shop/UsedShop/wuseditemall.aspx?ItemId=1020939&amp;TabType=1&amp;partner=openAPI"
        },
        "spaceUsed": {
          "itemCount": 0,
          "minPrice": 0,
          "link": "https://www.aladin.co.kr/shop/UsedShop/wuseditemall.aspx?ItemId=1020939&amp;TabType=3&amp;partner=openAPI"
        }
      }
    }
  },
  {
    "title": "회복탄력성의 힘 - 쉽게 포기하지 않고 결국 해내는 아이의 비밀",
    "link": "http://www.aladin.co.kr/shop/wproduct.aspx?ItemId=317444541&amp;partner=openAPI&amp;start=api",
    "author": "지니 킴 (지은이)",
    "description": "아동발달 전문가이자 교육자인 지니 킴(Jeanie Kim) 박사는 회복탄력성은 모두 갖고 태어나고, 어려서부터 반복과 연습을 통해 누구나 기를 수 있다고 강조하며, 긍정성, 자기 신뢰, 자기조절능력 같은 회복탄력성의 자원을 아이의 삶에 뿌리내리게 하는 방법들을 구체적으로 안내한다.",
    "isbn": "K862833807",
    "isbn13": "9791191825978",
    "id": 317444541,
    "priceSales": 16020,
    "priceStandard": 17800,
    "mallType": "BOOK",
    "stockStatus": "",
    "mileage": 890,
    "cover": "https://image.aladin.co.kr/product/31744/45/coversum/k862833807_1.jpg",
    "categoryId": [
      151138,
      51786
    ],
    "publisher": "빅피시",
    "salesPoint": 13185,
    "adult": false,
    "fixedPrice": true,
    "subInfo": {
      "ebookList": [
        {
          "itemId": 318161289,
          "isbn": "E052531839",
          "isbn13": "9791193128039",
          "priceSales": 12460,
          "link": "https://www.aladin.co.kr/shop/wproduct.aspx?ItemId=318161289&amp;partner=openAPI"
        }
      ],
      "usedList": {
        "aladinUsed": {
          "itemCount": 0,
          "minPrice": 0,
          "link": "https://www.aladin.co.kr/shop/UsedShop/wuseditemall.aspx?ItemId=317444541&amp;TabType=2&amp;partner=openAPI"
        },
        "userUsed": {
          "itemCount": 0,
          "minPrice": 0,
          "link": "https://www.aladin.co.kr/shop/UsedShop/wuseditemall.aspx?ItemId=317444541&amp;TabType=1&amp;partner=openAPI"
        },
        "spaceUsed": {
          "itemCount": 0,
          "minPrice": 0,
          "link": "https://www.aladin.co.kr/shop/UsedShop/wuseditemall.aspx?ItemId=317444541&amp;TabType=3&amp;partner=openAPI"
        }
      }
    }
  },
  {
    "title": "건축, 음악처럼 듣고 미술처럼 보다 - 인문적 건축이야기",
    "link": "http://www.aladin.co.kr/shop/wproduct.aspx?ItemId=38084277&amp;partner=openAPI&amp;start=api",
    "author": "서현 (지은이)",
    "description": "1998년 출간된 &lt;건축, 음악처럼 듣고 미술처럼 보다&gt;의 재개정판이다. 서울대학교 미술관, ECCEhwa Culture Complex, 쌈지길 세 곳은 그 훌륭한 가치와 의미를 전달해야 했기에 기꺼이 새로 추가해 서현 특유의 해석법으로 풀어나갔다.",
    "isbn": "895872126X",
    "isbn13": "9788958721260",
    "id": 38084277,
    "priceSales": 16200,
    "priceStandard": 18000,
    "mallType": "BOOK",
    "stockStatus": "",
    "mileage": 900,
    "cover": "https://image.aladin.co.kr/product/3808/42/coversum/895872126x_1.jpg",
    "categoryId": [
      31908,
      51082
    ],
    "publisher": "효형출판",
    "salesPoint": 4294,
    "adult": false,
    "fixedPrice": true,
    "subInfo": {
      "ebookList": [],
      "usedList": {
        "aladinUsed": {
          "itemCount": 0,
          "minPrice": 0,
          "link": "https://www.aladin.co.kr/shop/UsedShop/wuseditemall.aspx?ItemId=38084277&amp;TabType=2&amp;partner=openAPI"
        },
        "userUsed": {
          "itemCount": 26,
          "minPrice": 11000,
          "link": "https://www.aladin.co.kr/shop/UsedShop/wuseditemall.aspx?ItemId=38084277&amp;TabType=1&amp;partner=openAPI"
        },
        "spaceUsed": {
          "itemCount": 10,
          "minPrice": 9800,
          "link": "https://www.aladin.co.kr/shop/UsedShop/wuseditemall.aspx?ItemId=38084277&amp;TabType=3&amp;partner=openAPI"
        }
      }
    }
  },
  {
    "title": "도시는 무엇으로 사는가 - 도시를 보는 열다섯 가지 인문적 시선",
    "link": "http://www.aladin.co.kr/shop/wproduct.aspx?ItemId=55182423&amp;partner=openAPI&amp;start=api",
    "author": "유현준 (지은이)",
    "description": "도시는 단순히 건축물이나 공간들을 모아 놓은 곳이 아니다. 도시는 인간의 삶이 반영되기 때문에 인간이 추구하는 것과 욕망이 드러난다. 이 책은 자신들이 만든 도시에 인간의 삶이 어떻게 영향을 받는지, 과연 더 행복해지는지 아니면 피폐해지고 있는지 도시의 답변을 들려준다.",
    "isbn": "8932472955",
    "isbn13": "9788932472959",
    "id": 55182423,
    "priceSales": 13500,
    "priceStandard": 15000,
    "mallType": "BOOK",
    "stockStatus": "",
    "mileage": 750,
    "cover": "https://image.aladin.co.kr/product/5518/24/coversum/8932472955_1.jpg",
    "categoryId": [
      31908,
      51082
    ],
    "publisher": "을유문화사",
    "salesPoint": 18763,
    "adult": false,
    "fixedPrice": true,
    "subInfo": {
      "ebookList": [
        {
          "itemId": 60508313,
          "isbn": "E893247295",
          "isbn13": "9788932473055",
          "priceSales": 9000,
          "link": "https://www.aladin.co.kr/shop/wproduct.aspx?ItemId=60508313&amp;partner=openAPI"
        }
      ],
      "usedList": {
        "aladinUsed": {
          "itemCount": 0,
          "minPrice": 0,
          "link": "https://www.aladin.co.kr/shop/UsedShop/wuseditemall.aspx?ItemId=55182423&amp;TabType=2&amp;partner=openAPI"
        },
        "userUsed": {
          "itemCount": 106,
          "minPrice": 5200,
          "link": "https://www.aladin.co.kr/shop/UsedShop/wuseditemall.aspx?ItemId=55182423&amp;TabType=1&amp;partner=openAPI"
        },
        "spaceUsed": {
          "itemCount": 15,
          "minPrice": 9000,
          "link": "https://www.aladin.co.kr/shop/UsedShop/wuseditemall.aspx?ItemId=55182423&amp;TabType=3&amp;partner=openAPI"
        }
      }
    }
  },
  {
    "title": "고도를 기다리며",
    "link": "http://www.aladin.co.kr/shop/wproduct.aspx?ItemId=256532&amp;partner=openAPI&amp;start=api",
    "author": "사뮈엘 베케트 (지은이), 오증자 (옮긴이)",
    "description": "'고도'의 의미는 이 작품을 읽고자 하는 사람들의 상황과 처지에 따라 자유롭게 해석될 수 있는 것으로, 이 점에서 <고도를 기다리며>는 철저하게 관객을 향해 열려있는 작품이라고 할 수 있겠다. 이 때문에 <고도를 기다리며>는 지금까지도 학인들의 연구대상이 될 수 있었으며, 또한 삶의 질곡으로 고통받는 이들에게는 생의 비밀을 깨닫게 하는 계기가 되었던 것이다.",
    "isbn": "8937460432",
    "isbn13": "9788937460432",
    "id": 256532,
    "priceSales": 8100,
    "priceStandard": 9000,
    "mallType": "BOOK",
    "stockStatus": "",
    "mileage": 450,
    "cover": "https://image.aladin.co.kr/product/25/65/coversum/8937460432_3.jpg",
    "categoryId": [
      151128,
      51260
    ],
    "publisher": "민음사",
    "salesPoint": 22959,
    "adult": false,
    "fixedPrice": true,
    "seriesInfo": {
      "seriesId": 13679,
      "seriesLink": "http://www.aladin.co.kr/shop/common/wseriesitem.aspx?SRID=13679&amp;partner=openAPI",
      "seriesName": "민음사 세계문학전집 43"
    },
    "subInfo": {
      "ebookList": [
        {
          "itemId": 50295621,
          "isbn": "E893746043",
          "isbn13": "9788937493430",
          "priceSales": 4900,
          "link": "https://www.aladin.co.kr/shop/wproduct.aspx?ItemId=50295621&amp;partner=openAPI"
        }
      ],
      "usedList": {
        "aladinUsed": {
          "itemCount": 0,
          "minPrice": 0,
          "link": "https://www.aladin.co.kr/shop/UsedShop/wuseditemall.aspx?ItemId=256532&amp;TabType=2&amp;partner=openAPI"
        },
        "userUsed": {
          "itemCount": 123,
          "minPrice": 1500,
          "link": "https://www.aladin.co.kr/shop/UsedShop/wuseditemall.aspx?ItemId=256532&amp;TabType=1&amp;partner=openAPI"
        },
        "spaceUsed": {
          "itemCount": 15,
          "minPrice": 3800,
          "link": "https://www.aladin.co.kr/shop/UsedShop/wuseditemall.aspx?ItemId=256532&amp;TabType=3&amp;partner=openAPI"
        }
      }
    }
  },
  {
    "title": "서양미술사",
    "link": "http://www.aladin.co.kr/shop/wproduct.aspx?ItemId=75760&amp;partner=openAPI&amp;start=api",
    "author": "에른스트 H. 곰브리치 (지은이), 백승길, 이종숭 (옮긴이)",
    "description": "지금까지 출간된 미술에 관한 가장 유명한 책 중의 하나. 1950년 영국에서 초판이 간행된 이래 전세계에서 서양미술사 개론의 필독서로 자리잡고 있다. 미술의 역사란 과거와의 연관 속에서 미래를 암시하는 각 작품들로 끊임없이 구성되고 변화하는 전통의 역사라는 것이 지은이의 믿음이다. 우리가 살고 있는 이 시대와 이집트에 피라미드가 건설되었던 그 시대가 생생하게 연결되어 있음을 이 책은 보여준다.",
    "isbn": "8970840656",
    "isbn13": "9788970840659",
    "id": 75760,
    "priceSales": 34200,
    "priceStandard": 38000,
    "mallType": "BOOK",
    "stockStatus": "",
    "mileage": 1900,
    "cover": "https://image.aladin.co.kr/product/7/57/coversum/8970840656_2.jpg",
    "categoryId": [
      31908,
      50982
    ],
    "publisher": "예경",
    "salesPoint": 32229,
    "adult": false,
    "fixedPrice": true,
    "subInfo": {
      "ebookList": [],
      "usedList": {
        "aladinUsed": {
          "itemCount": 0,
          "minPrice": 0,
          "link": "https://www.aladin.co.kr/shop/UsedShop/wuseditemall.aspx?ItemId=75760&amp;TabType=2&amp;partner=openAPI"
        },
        "userUsed": {
          "itemCount": 95,
          "minPrice": 18000,
          "link": "https://www.aladin.co.kr/shop/UsedShop/wuseditemall.aspx?ItemId=75760&amp;TabType=1&amp;partner=openAPI"
        },
        "spaceUsed": {
          "itemCount": 5,
          "minPrice": 21500,
          "link": "https://www.aladin.co.kr/shop/UsedShop/wuseditemall.aspx?ItemId=75760&amp;TabType=3&amp;partner=openAPI"
        }
      }
    }
  },
  {
    "title": "사피엔스 - 유인원에서 사이보그까지, 인간 역사의 대담하고 위대한 질문",
    "link": "http://www.aladin.co.kr/shop/wproduct.aspx?ItemId=314240466&amp;partner=openAPI&amp;start=api",
    "author": "유발 하라리 (지은이), 조현욱 (옮긴이), 이태수 (감수)",
    "description": "2011년 원서 출간 이후 10년을 돌아보고 위기 상황을 맞은 인류에게 건네는 제언이 특별 서문으로 수록되었다. 현재 인류는 그 어느 때보다 어려운 상황을 맞고 있다. 난국을 헤쳐나가기 위해 무엇을 해야 할까? 저자는 더 나은 세상을 위한 키워드로 ‘인간 이해’를 강조한다.",
    "isbn": "8934972467",
    "isbn13": "9788934972464",
    "id": 314240466,
    "priceSales": 24120,
    "priceStandard": 26800,
    "mallType": "BOOK",
    "stockStatus": "",
    "mileage": 1340,
    "cover": "https://image.aladin.co.kr/product/31424/4/coversum/k482832219_1.jpg",
    "categoryId": [
      31908,
      51545
    ],
    "publisher": "김영사",
    "salesPoint": 125633,
    "adult": false,
    "fixedPrice": true,
    "seriesInfo": {
      "seriesId": 643800,
      "seriesLink": "http://www.aladin.co.kr/shop/common/wseriesitem.aspx?SRID=643800&amp;partner=openAPI",
      "seriesName": "인류 3부작 시리즈 "
    },
    "subInfo": {
      "ebookList": [],
      "usedList": {
        "aladinUsed": {
          "itemCount": 0,
          "minPrice": 0,
          "link": "https://www.aladin.co.kr/shop/UsedShop/wuseditemall.aspx?ItemId=314240466&amp;TabType=2&amp;partner=openAPI"
        },
        "userUsed": {
          "itemCount": 0,
          "minPrice": 0,
          "link": "https://www.aladin.co.kr/shop/UsedShop/wuseditemall.aspx?ItemId=314240466&amp;TabType=1&amp;partner=openAPI"
        },
        "spaceUsed": {
          "itemCount": 0,
          "minPrice": 0,
          "link": "https://www.aladin.co.kr/shop/UsedShop/wuseditemall.aspx?ItemId=314240466&amp;TabType=3&amp;partner=openAPI"
        }
      }
    }
  },
  {
    "title": "이기적 유전자",
    "link": "http://www.aladin.co.kr/shop/wproduct.aspx?ItemId=170482558&amp;partner=openAPI&amp;start=api",
    "author": "리처드 도킨스 (지은이), 홍영남, 이상임 (옮긴이)",
    "description": "과학을 넘어선 우리 시대의 고전, 『이기적 유전자』 40주년 기념판. 진화론의 새로운 패러다임을 제시한 이 책은 다윈의 ‘적자생존과 자연선택’이라는 개념을 유전자 단위로 끌어내려 진화를 설명한다.",
    "isbn": "8932473900",
    "isbn13": "9788932473901",
    "id": 170482558,
    "priceSales": 18000,
    "priceStandard": 20000,
    "mallType": "BOOK",
    "stockStatus": "",
    "mileage": 1000,
    "cover": "https://image.aladin.co.kr/product/17048/25/coversum/8932473900_1.jpg",
    "categoryId": [
      51545,
      51205
    ],
    "publisher": "을유문화사",
    "salesPoint": 87079,
    "adult": false,
    "fixedPrice": true,
    "subInfo": {
      "ebookList": [
        {
          "itemId": 181909639,
          "isbn": "E893247390",
          "isbn13": "9788932421278",
          "priceSales": 14000,
          "link": "https://www.aladin.co.kr/shop/wproduct.aspx?ItemId=181909639&amp;partner=openAPI"
        }
      ],
      "usedList": {
        "aladinUsed": {
          "itemCount": 0,
          "minPrice": 0,
          "link": "https://www.aladin.co.kr/shop/UsedShop/wuseditemall.aspx?ItemId=170482558&amp;TabType=2&amp;partner=openAPI"
        },
        "userUsed": {
          "itemCount": 115,
          "minPrice": 11000,
          "link": "https://www.aladin.co.kr/shop/UsedShop/wuseditemall.aspx?ItemId=170482558&amp;TabType=1&amp;partner=openAPI"
        },
        "spaceUsed": {
          "itemCount": 15,
          "minPrice": 13000,
          "link": "https://www.aladin.co.kr/shop/UsedShop/wuseditemall.aspx?ItemId=170482558&amp;TabType=3&amp;partner=openAPI"
        }
      }
    }
  },
  {
    "title": "코스모스",
    "link": "http://www.aladin.co.kr/shop/wproduct.aspx?ItemId=870950&amp;partner=openAPI&amp;start=api",
    "author": "칼 세이건 (지은이), 홍승수 (옮긴이)",
    "description": "칼 세이건의 <코스모스> 특별판이 세이건의 서거 10주기를 기념하여 출간되었다. 이 특별판은 지난 2004년 12월에 출간된 <코스모스>(양장본)의 텍스트 전문과 도판 일부를 사용하고 판형을 휴대하기 쉬운 신국판으로 바꿔 출간한 책으로, 독자들이 좀 더 쉽게 칼 세이건의 메시지를 만날 수 있도록 배려한 책이다.",
    "isbn": "8983711892",
    "isbn13": "9788983711892",
    "id": 870950,
    "priceSales": 17910,
    "priceStandard": 19900,
    "mallType": "BOOK",
    "stockStatus": "",
    "mileage": 990,
    "cover": "https://image.aladin.co.kr/product/87/9/coversum/s922637499_3.jpg",
    "categoryId": [
      31908,
      51310
    ],
    "publisher": "사이언스북스",
    "salesPoint": 130518,
    "adult": false,
    "fixedPrice": true,
    "subInfo": {
      "ebookList": [],
      "usedList": {
        "aladinUsed": {
          "itemCount": 0,
          "minPrice": 0,
          "link": "https://www.aladin.co.kr/shop/UsedShop/wuseditemall.aspx?ItemId=870950&amp;TabType=2&amp;partner=openAPI"
        },
        "userUsed": {
          "itemCount": 123,
          "minPrice": 11000,
          "link": "https://www.aladin.co.kr/shop/UsedShop/wuseditemall.aspx?ItemId=870950&amp;TabType=1&amp;partner=openAPI"
        },
        "spaceUsed": {
          "itemCount": 14,
          "minPrice": 12100,
          "link": "https://www.aladin.co.kr/shop/UsedShop/wuseditemall.aspx?ItemId=870950&amp;TabType=3&amp;partner=openAPI"
        }
      }
    }
  },
  {
    "title": "이방인",
    "link": "http://www.aladin.co.kr/shop/wproduct.aspx?ItemId=212246612&amp;partner=openAPI&amp;start=api",
    "author": "알베르 카뮈 (지은이), 김화영 (옮긴이)",
    "description": "'민음사 세계문학전집' 266권. 20세기의 지성이자 실존주의 문학의 대표 작가, 알베르 카뮈의 대표작. 1942년 &lt;이방인&gt;이 처음 발표되었을 때, 카뮈는 젊은 무명작가에 불과했다. 낯선 인물과 독창적인 형식으로 현대 프랑스 문단에 이방인처럼 나타난 이 소설은 출간 이후 한순간도 프랑스 베스트셀러 목록에서 빠진 적이 없는 걸작이 되었다.",
    "isbn": "8937443848",
    "isbn13": "9788937443848",
    "id": 212246612,
    "priceSales": 9000,
    "priceStandard": 10000,
    "mallType": "BOOK",
    "stockStatus": "",
    "mileage": 500,
    "cover": "https://image.aladin.co.kr/product/21224/66/coversum/8937443848_1.jpg",
    "categoryId": [
      151128,
      50921
    ],
    "publisher": "민음사",
    "salesPoint": 49376,
    "adult": false,
    "fixedPrice": true,
    "seriesInfo": {
      "seriesId": 13679,
      "seriesLink": "http://www.aladin.co.kr/shop/common/wseriesitem.aspx?SRID=13679&amp;partner=openAPI",
      "seriesName": "민음사 세계문학전집 266"
    },
    "subInfo": {
      "ebookList": [
        {
          "itemId": 268141150,
          "isbn": "E332538890",
          "isbn13": "9788937419010",
          "priceSales": 9000,
          "link": "https://www.aladin.co.kr/shop/wproduct.aspx?ItemId=268141150&amp;partner=openAPI"
        }
      ],
      "usedList": {
        "aladinUsed": {
          "itemCount": 0,
          "minPrice": 0,
          "link": "https://www.aladin.co.kr/shop/UsedShop/wuseditemall.aspx?ItemId=212246612&amp;TabType=2&amp;partner=openAPI"
        },
        "userUsed": {
          "itemCount": 64,
          "minPrice": 6500,
          "link": "https://www.aladin.co.kr/shop/UsedShop/wuseditemall.aspx?ItemId=212246612&amp;TabType=1&amp;partner=openAPI"
        },
        "spaceUsed": {
          "itemCount": 1,
          "minPrice": 6400,
          "link": "https://www.aladin.co.kr/shop/UsedShop/wuseditemall.aspx?ItemId=212246612&amp;TabType=3&amp;partner=openAPI"
        }
      }
    }
  },
  {
    "title": "정의란 무엇인가",
    "link": "http://www.aladin.co.kr/shop/wproduct.aspx?ItemId=315176143&amp;partner=openAPI&amp;start=api",
    "author": "마이클 샌델 (지은이), 김명철 (옮긴이), 김선욱 (감수)",
    "description": "마이클 샌델은 구제 금융, 대리 출산, 동성 결혼, 과거사 공개 사과 등 현대 사회에서 우리가 흔히 부딪히는 문제를 통해 ‘무엇이 정의로운가’에 대한 해답을 탐구했다. 이 책은 탁월한 정치 철학자들이 남긴 시대를 초월한 철학적인 질문을 알기 쉽게 소개한다.",
    "isbn": "8937834790",
    "isbn13": "9788937834790",
    "id": 315176143,
    "priceSales": 13500,
    "priceStandard": 15000,
    "mallType": "BOOK",
    "stockStatus": "",
    "mileage": 750,
    "cover": "https://image.aladin.co.kr/product/31517/61/coversum/k102832536_1.jpg",
    "categoryId": [
      153690,
      51449
    ],
    "publisher": "와이즈베리",
    "salesPoint": 68126,
    "adult": false,
    "fixedPrice": true,
    "subInfo": {
      "ebookList": [
        {
          "itemId": 49297462,
          "isbn": "E893783479",
          "isbn13": "9788937836367",
          "priceSales": 10500,
          "link": "https://www.aladin.co.kr/shop/wproduct.aspx?ItemId=49297462&amp;partner=openAPI"
        }
      ],
      "usedList": {
        "aladinUsed": {
          "itemCount": 0,
          "minPrice": 0,
          "link": "https://www.aladin.co.kr/shop/UsedShop/wuseditemall.aspx?ItemId=315176143&amp;TabType=2&amp;partner=openAPI"
        },
        "userUsed": {
          "itemCount": 5,
          "minPrice": 6890,
          "link": "https://www.aladin.co.kr/shop/UsedShop/wuseditemall.aspx?ItemId=315176143&amp;TabType=1&amp;partner=openAPI"
        },
        "spaceUsed": {
          "itemCount": 0,
          "minPrice": 0,
          "link": "https://www.aladin.co.kr/shop/UsedShop/wuseditemall.aspx?ItemId=315176143&amp;TabType=3&amp;partner=openAPI"
        }
      }
    }
  },
  {
    "title": "한 권으로 읽는 컴퓨터 구조와 프로그래밍 - 더 나은 소프트웨어 개발을 위한 하드웨어, 자료구조, 필수 알고리즘 등 프로그래머의 비밀 노트",
    "link": "http://www.aladin.co.kr/shop/wproduct.aspx?ItemId=268444562&amp;partner=openAPI&amp;start=api",
    "author": "조너선 스타인하트 (지은이), 오현석 (옮긴이)",
    "description": "하드웨어의 토대가 되는 기초 전자회로, 게이트 등을 설명하고, 그 위에서 소프트웨어를 작성하는 방법을 웹과 C 프로그램으로 직접 만들어보며, 개발자라면 반드시 알아야 할 커튼 뒤에 감춰진 컴퓨터 구조와 프로그래밍에 대한 거의 모든 것을 다루는 컴퓨터공학 개론서다.",
    "isbn": "K942730395",
    "isbn13": "9791189909284",
    "id": 268444562,
    "priceSales": 31500,
    "priceStandard": 35000,
    "mallType": "BOOK",
    "stockStatus": "",
    "mileage": 1750,
    "cover": "https://image.aladin.co.kr/product/26844/45/coversum/k942730395_1.jpg",
    "categoryId": [
      31916,
      2721
    ],
    "publisher": "책만",
    "salesPoint": 5585,
    "adult": false,
    "fixedPrice": true,
    "subInfo": {
      "ebookList": [
        {
          "itemId": 273535853,
          "isbn": "E272538611",
          "isbn13": "9791189909314",
          "priceSales": 28000,
          "link": "https://www.aladin.co.kr/shop/wproduct.aspx?ItemId=273535853&amp;partner=openAPI"
        }
      ],
      "usedList": {
        "aladinUsed": {
          "itemCount": 0,
          "minPrice": 0,
          "link": "https://www.aladin.co.kr/shop/UsedShop/wuseditemall.aspx?ItemId=268444562&amp;TabType=2&amp;partner=openAPI"
        },
        "userUsed": {
          "itemCount": 24,
          "minPrice": 23490,
          "link": "https://www.aladin.co.kr/shop/UsedShop/wuseditemall.aspx?ItemId=268444562&amp;TabType=1&amp;partner=openAPI"
        },
        "spaceUsed": {
          "itemCount": 0,
          "minPrice": 0,
          "link": "https://www.aladin.co.kr/shop/UsedShop/wuseditemall.aspx?ItemId=268444562&amp;TabType=3&amp;partner=openAPI"
        }
      }
    }
  },
  {
    "title": "클린 코드 Clean Code - 애자일 소프트웨어 장인 정신",
    "link": "http://www.aladin.co.kr/shop/wproduct.aspx?ItemId=34083680&amp;partner=openAPI&amp;start=api",
    "author": "로버트 C. 마틴 (지은이), 이해영, 박재호 (옮긴이)",
    "description": "로버트 마틴은 이 책에서 혁명적인 패러다임을 제시한다. 그는 오브젝트 멘토(Object Mentor)의 동료들과 힘을 모아 ‘개발하며’ 클린 코드를 만드는 최상의 애자일 기법을 정제해 책 한 권에 담았다.",
    "isbn": "8966260950",
    "isbn13": "9788966260959",
    "id": 34083680,
    "priceSales": 29700,
    "priceStandard": 33000,
    "mallType": "BOOK",
    "stockStatus": "",
    "mileage": 1650,
    "cover": "https://image.aladin.co.kr/product/3408/36/coversum/8966260950_2.jpg",
    "categoryId": [
      31916,
      2721
    ],
    "publisher": "인사이트",
    "salesPoint": 18349,
    "adult": false,
    "fixedPrice": true,
    "seriesInfo": {
      "seriesId": 15982,
      "seriesLink": "http://www.aladin.co.kr/shop/common/wseriesitem.aspx?SRID=15982&amp;partner=openAPI",
      "seriesName": "프로그램 프로그래밍 프로그래머 "
    },
    "subInfo": {
      "ebookList": [
        {
          "itemId": 248640013,
          "isbn": "E032537223",
          "isbn13": "9788966262724",
          "priceSales": 26400,
          "link": "https://www.aladin.co.kr/shop/wproduct.aspx?ItemId=248640013&amp;partner=openAPI"
        }
      ],
      "usedList": {
        "aladinUsed": {
          "itemCount": 0,
          "minPrice": 0,
          "link": "https://www.aladin.co.kr/shop/UsedShop/wuseditemall.aspx?ItemId=34083680&amp;TabType=2&amp;partner=openAPI"
        },
        "userUsed": {
          "itemCount": 31,
          "minPrice": 20000,
          "link": "https://www.aladin.co.kr/shop/UsedShop/wuseditemall.aspx?ItemId=34083680&amp;TabType=1&amp;partner=openAPI"
        },
        "spaceUsed": {
          "itemCount": 1,
          "minPrice": 19500,
          "link": "https://www.aladin.co.kr/shop/UsedShop/wuseditemall.aspx?ItemId=34083680&amp;TabType=3&amp;partner=openAPI"
        }
      }
    }
  }
]