{
    "title": "서양미술사",
    "link": "http://www.aladin.co.kr/shop/wproduct.aspx?ItemId=75760&amp;partner=openAPI&amp;start=api",
    "author": "에른스트 H. 곰브리치 (지은이), 백승길, 이종숭 (옮긴이)",
    "pubDate": "2003-07-10",
    "description": "지금까지 출간된 미술에 관한 가장 유명한 책 중의 하나. 1950년 영국에서 초판이 간행된 이래 전세계에서 서양미술사 개론의 필독서로 자리잡고 있다. 미술의 역사란 과거와의 연관 속에서 미래를 암시하는 각 작품들로 끊임없이 구성되고 변화하는 전통의 역사라는 것이 지은이의 믿음이다. 우리가 살고 있는 이 시대와 이집트에 피라미드가 건설되었던 그 시대가 생생하게 연결되어 있음을 이 책은 보여준다.",
    "isbn": "8970840656",
    "isbn13": "9788970840659",
    "itemId": 75760,
    "priceSales": 34200,
    "priceStandard": 38000,
    "mallType": "BOOK",
    "stockStatus": "",
    "mileage": 1900,
    "cover": "https://image.aladin.co.kr/product/7/57/coversum/8970840656_2.jpg",
    "categoryId": [
        31908,
        50982
    ],
    "publisher": "예경",
    "salesPoint": 32229,
    "adult": false,
    "fixedPrice": true,
    "customerReviewRank": 8.2,
    "subInfo": {
        "ebookList": [],
        "usedList": {
            "aladinUsed": {
                "itemCount": 0,
                "minPrice": 0,
                "link": "https://www.aladin.co.kr/shop/UsedShop/wuseditemall.aspx?ItemId=75760&amp;TabType=2&amp;partner=openAPI"
            },
            "userUsed": {
                "itemCount": 95,
                "minPrice": 18000,
                "link": "https://www.aladin.co.kr/shop/UsedShop/wuseditemall.aspx?ItemId=75760&amp;TabType=1&amp;partner=openAPI"
            },
            "spaceUsed": {
                "itemCount": 5,
                "minPrice": 21500,
                "link": "https://www.aladin.co.kr/shop/UsedShop/wuseditemall.aspx?ItemId=75760&amp;TabType=3&amp;partner=openAPI"
            }
        }
    }
}